{"0":{"r":[0.1735363025198553,4.214643470723047,6.1030973830433775],"t":[1.1527514834,-9.5398998046,4.6269223446],"f":2168.4109769,"px":1500,"py":1000,"k1":0,"k2":0,"shape":{"height":2000,"width":3000}},"1":{"r":[0.15333731653868699,4.153176119869951,6.1175417395614975],"t":[0.95289236663,-9.0322658309,4.2030000605],"f":2176.1746298,"px":1500,"py":1000,"k1":0,"k2":0,"shape":{"height":2000,"width":3000}},"2":{"r":[0.12632979372373793,4.036585036276734,6.1412687372837444],"t":[0.615417393,-8.5592071136,3.1622731618],"f":2177.5576901,"px":1500,"py":1000,"k1":0,"k2":0,"shape":{"height":2000,"width":3000}},"3":{"r":[0.08862797982816599,3.857393416603612,6.156811874764777],"t":[0.306599507,-8.106918441,1.7199338159],"f":2174.552123,"px":1500,"py":1000,"k1":0,"k2":0,"shape":{"height":2000,"width":3000}},"4":{"r":[0.11109905280063734,3.750722615558572,6.201841421181597],"t":[0.16968260456,-7.3484691716,0.98304075115],"f":2181.0608413,"px":1500,"py":1000,"k1":0,"k2":0,"shape":{"height":2000,"width":3000}},"5":{"r":[0.08159987752797364,3.703536151576973,6.207251562671684],"t":[0.012207562529,-6.3822774133,0.75669167176],"f":2179.79646,"px":1500,"py":1000,"k1":0,"k2":0,"shape":{"height":2000,"width":3000}},"6":{"r":[0.09454374824350333,3.589531236501001,6.234294492844591],"t":[0.0016779110168,-5.5423407435,0.24835182204],"f":2179.2060597,"px":1500,"py":1000,"k1":0,"k2":0,"shape":{"height":2000,"width":3000}},"7":{"r":[0.09723856085895674,3.519634576547226,6.25367491267334],"t":[-0.0084288664837,-4.5916920183,0.096505739018],"f":2182.4024399,"px":1500,"py":1000,"k1":0,"k2":0,"shape":{"height":2000,"width":3000}},"8":{"r":[0.07626280429117423,3.4691345311146433,6.258425098458609],"t":[-0.044153456008,-3.5627683013,0.027967862269],"f":2182.8646495,"px":1500,"py":1000,"k1":0,"k2":0,"shape":{"height":2000,"width":3000}},"9":{"r":[0.047237520562647364,3.405174410642296,6.254023223475723],"t":[-0.058902154762,-2.6699872274,-0.052161153131],"f":2185.8588463,"px":1500,"py":1000,"k1":0,"k2":0,"shape":{"height":2000,"width":3000}},"10":{"r":[2.976780105406216,2.980740469060944,2.9674055171263505],"t":[-0.09797463108,-1.6787240117,-0.086943173372],"f":2186.7708173,"px":1500,"py":1000,"k1":0,"k2":0,"shape":{"height":2000,"width":3000}},"11":{"r":[0.06508653849685361,3.286399069146335,0.027839131318892745],"t":[0.027916138612,-0.80083049837,0.11352240719],"f":2183.4479782,"px":1500,"py":1000,"k1":0,"k2":0,"shape":{"height":2000,"width":3000}},"12":{"r":[2.8968521937339875,3.1370242808263065,2.90063396321625],"t":[0.064580689951,0.16099104952,0.14197572876],"f":2185.172272,"px":1500,"py":1000,"k1":0,"k2":0,"shape":{"height":2000,"width":3000}},"13":{"r":[3.060382572433077,3.215417918588485,3.0952951347373707],"t":[0.17678368467,1.0832358609,0.40882976362],"f":2186.1746514,"px":1500,"py":1000,"k1":0,"k2":0,"shape":{"height":2000,"width":3000}},"14":{"r":[3.0316611691388036,3.248474471252357,3.0898583973307594],"t":[0.28982837863,2.0818508621,0.63233442544],"f":2186.0657059,"px":1500,"py":1000,"k1":0,"k2":0,"shape":{"height":2000,"width":3000}},"15":{"r":[3.0755832661988665,3.3136407975076914,3.1202591593571567],"t":[0.26787018576,2.9185979656,0.79574514603],"f":2187.1729739,"px":1500,"py":1000,"k1":0,"k2":0,"shape":{"height":2000,"width":3000}},"16":{"r":[3.0567453291788875,3.3964090535652094,3.126123458212591],"t":[0.20041379261,3.6232903476,0.48046675765],"f":2188.3753942,"px":1500,"py":1000,"k1":0,"k2":0,"shape":{"height":2000,"width":3000}},"17":{"r":[3.050428786573515,3.4591268225038725,3.1332417058568645],"t":[0.11855135592,4.3770872664,0.19918776645],"f":2193.2387472,"px":1500,"py":1000,"k1":0,"k2":0,"shape":{"height":2000,"width":3000}},"18":{"r":[3.0618664349578943,3.5469679580244176,3.171126840010753],"t":[0.17161145901,5.0533727444,0.30754856866],"f":2194.0355438,"px":1500,"py":1000,"k1":0,"k2":0,"shape":{"height":2000,"width":3000}},"19":{"r":[3.077592876896185,3.5330200482315517,3.178848087408045],"t":[0.11539829681,5.7721012692,0.10775674159],"f":2190.568799,"px":1500,"py":1000,"k1":0,"k2":0,"shape":{"height":2000,"width":3000}},"20":{"r":[3.07986907971374,3.5861317597828775,3.192700852815833],"t":[0.1124373407,6.4078558401,0.12176835754],"f":2188.2032838,"px":1500,"py":1000,"k1":0,"k2":0,"shape":{"height":2000,"width":3000}},"21":{"r":[3.0961993676652058,3.555450884300827,3.208861867669798],"t":[0.087766038585,7.1105673392,-0.27381203139],"f":2188.1813511,"px":1500,"py":1000,"k1":0,"k2":0,"shape":{"height":2000,"width":3000}},"22":{"r":[3.1095971106111375,3.613089612030514,3.2270576741869093],"t":[0.13944357451,7.7620730834,0.10643477371],"f":2187.0778963,"px":1500,"py":1000,"k1":0,"k2":0,"shape":{"height":2000,"width":3000}},"23":{"r":[3.1260955371241446,3.62939339036455,3.2414178788865375],"t":[0.13225975023,8.5823828138,0.15697847289],"f":2206.3031491,"px":1500,"py":1000,"k1":0,"k2":0,"shape":{"height":2000,"width":3000}},"24":{"r":[0.007293030668207866,2.6947076818691755,0.11090523827249668],"t":[0.073254142552,9.3312240336,-0.18842207712],"f":2191.1867716,"px":1500,"py":1000,"k1":0,"k2":0,"shape":{"height":2000,"width":3000}},"25":{"r":[3.1315233924593744,3.5837046519476763,3.225076533598273],"t":[-0.027571645957,10.078486192,-0.23208180928],"f":2177.7615723,"px":1500,"py":1000,"k1":0,"k2":0,"shape":{"height":2000,"width":3000}},"26":{"r":[3.140387835183882,3.599139665495172,3.2455136352145137],"t":[0.086914336894,10.747428254,-0.15854061868],"f":2198.9041567,"px":1500,"py":1000,"k1":0,"k2":0,"shape":{"height":2000,"width":3000}},"27":{"r":[3.109766872746164,3.5835345196697093,3.22292787402557],"t":[0.13545159746,11.372848256,-0.37005932895],"f":2210.8534453,"px":1500,"py":1000,"k1":0,"k2":0,"shape":{"height":2000,"width":3000}},"28":{"r":[0.028190402948253417,2.672575157693794,0.12630640197633775],"t":[0.045230077011,12.078702813,-0.12199895922],"f":2218.783836,"px":1500,"py":1000,"k1":0,"k2":0,"shape":{"height":2000,"width":3000}},"29":{"r":[0.014213416372486397,2.702385851593651,0.11564160122164327],"t":[0.074444327417,12.78546204,-0.5010721658],"f":2201.3304713,"px":1500,"py":1000,"k1":0,"k2":0,"shape":{"height":2000,"width":3000}},"30":{"r":[0.02690072022340724,2.6776751209405525,0.14139352001393235],"t":[0.26958567609,13.504768392,-0.21838372031],"f":2200.3532504,"px":1500,"py":1000,"k1":0,"k2":0,"shape":{"height":2000,"width":3000}},"31":{"r":[0.011845355941467182,2.693078090449939,0.12259941268426021],"t":[0.20743708058,14.318044549,-0.43622959083],"f":2193.3082299,"px":1500,"py":1000,"k1":0,"k2":0,"shape":{"height":2000,"width":3000}},"32":{"r":[0.011619079100319483,2.67546075551276,0.12050604655582854],"t":[0.19727141778,15.100554675,-0.17782929647],"f":2187.8678136,"px":1500,"py":1000,"k1":0,"k2":0,"shape":{"height":2000,"width":3000}},"33":{"r":[0.002919334775247466,2.6675627442815975,0.12650640402922342],"t":[0.34663909568,15.724129708,-0.36111658986],"f":2188.2684494,"px":1500,"py":1000,"k1":0,"k2":0,"shape":{"height":2000,"width":3000}},"34":{"r":[3.1175726286532623,3.6064690544014537,3.2297869885522066],"t":[0.10734534032,16.409794572,-0.54485163687],"f":2184.995534,"px":1500,"py":1000,"k1":0,"k2":0,"shape":{"height":2000,"width":3000}},"35":{"r":[3.1156738810905993,3.608929424178113,3.2433530584425303],"t":[0.34842641736,17.069063323,-0.61531663486],"f":2186.2106529,"px":1500,"py":1000,"k1":0,"k2":0,"shape":{"height":2000,"width":3000}},"36":{"r":[3.1173896863089468,3.5871682149916513,3.2358911177145697],"t":[0.17609472704,17.723043711,-1.115676123],"f":2188.4336079,"px":1500,"py":1000,"k1":0,"k2":0,"shape":{"height":2000,"width":3000}},"37":{"r":[3.03748301340619,3.6253124960504906,3.181839363727072],"t":[0.45314014257,18.474616194,-0.51396444527],"f":2191.1592065,"px":1500,"py":1000,"k1":0,"k2":0,"shape":{"height":2000,"width":3000}},"38":{"r":[3.0443898916432084,3.662712749526011,3.1989555063411843],"t":[0.67121221095,19.158034692,0.13893076193],"f":2192.2906762,"px":1500,"py":1000,"k1":0,"k2":0,"shape":{"height":2000,"width":3000}},