{"0":{"r":[1.5150802078534704,5.51463195862796,6.07334289674083],"t":[0.2683358413409578,1.377511259993945,4.560055773638827],"f":3954.755719281842,"px":1619.923270085779,"py":1151.455891297659,"k1":0,"k2":0,"shape":{"height":2048,"width":3072}},"1":{"r":[1.7119955536268174,5.495836210962902,5.971126312480685],"t":[-1.0153544463341388,1.4387000435183042,4.497060511689169],"f":3954.755719281842,"px":1619.923270085779,"py":1151.455891297659,"k1":0,"k2":0,"shape":{"height":2048,"width":3072}},"2":{"r":[1.8145116563177723,5.529425892970331,5.946298496231562],"t":[-1.8427597244076013,0.9656022254415904,2.7577044059202938],"f":3954.755719281842,"px":1619.923270085779,"py":1151.455891297659,"k1":0,"k2":0,"shape":{"height":2048,"width":3072}},"3":{"r":[1.5772213478814239,5.6717573067639835,6.045690712293504],"t":[-0.3536372975913595,0.42938778668514754,1.1896771990482033],"f":3954.755719281842,"px":1619.923270085779,"py":1151.455891297659,"k1":0,"k2":0,"shape":{"height":2048,"width":3072}},"4":{"r":[1.650671808172109,5.804088331388078,5.991142674914579],"t":[-0.030116164126717887,-0.25492795365494586,-0.08618954852172231],"f":3954.755719281842,"px":1619.923270085779,"py":1151.455891297659,"k1":0,"k2":0,"shape":{"height":2048,"width":3072}},"5":{"r":[2.307293948381606,5.69561992745773,5.669093427330237],"t":[-2.0884198932604603,-0.37518029138728903,-0.1810467187962979],"f":3954.755719281842,"px":1619.923270085779,"py":1151.455891297659,"k1":0,"k2":0,"shape":{"height":2048,"width":3072}},"6":{"r":[2.357665363158479,5.627928248703322,5.726459652382563],"t":[-3.244302081462341,-0.29361507342201976,-0.2172693686576359],"f":3954.755719281842,"px":1619.923270085779,"py":1151.455891297659,"k1":0,"k2":0,"shape":{"height":2048,"width":3072}}}